{
  "timestamp": "2026-01-25T01:12:42.606939",
  "motson": {
    "n_matches": 225,
    "brier_score": 0.5878354652703088,
    "log_loss": 0.9837240262887408,
    "accuracy": 0.5244444444444445,
    "home_accuracy": 0.8640776699029126,
    "draw_accuracy": 0.06666666666666667,
    "away_accuracy": 0.4032258064516129,
    "calibration": {
      "home": {
        "bins": [
          0.05,
          0.15000000000000002,
          0.25,
          0.35,
          0.45,
          0.55,
          0.6499999999999999,
          0.75,
          0.8500000000000001,
          0.95
        ],
        "predicted": [
          0.0921989288836433,
          0.17875719366868362,
          0.25656118200311956,
          0.3485244607651928,
          0.45961481501610335,
          0.5436183631910124,
          0.6480351612485218,
          0.7606740862439765,
          0.8309303520031733,
          0.9214122041756398
        ],
        "actual": [
          0.0,
          0.16666666666666666,
          0.24242424242424243,
          0.34285714285714286,
          0.3939393939393939,
          0.4594594594594595,
          0.5428571428571428,
          0.65,
          0.8421052631578947,
          0.8
        ],
        "count": [
          2,
          6,
          33,
          35,
          33,
          37,
          35,
          20,
          19,
          5
        ]
      },
      "draw": {
        "bins": [
          0.05,
          0.15000000000000002,
          0.25,
          0.35,
          0.45,
          0.55,
          0.6499999999999999,
          0.75,
          0.8500000000000001,
          0.95
        ],
        "predicted": [
          0.07115698233825103,
          0.145809262882705,
          0.2566415417918441,
          0.32374982808213026,
          0.45,
          0.55,
          0.6499999999999999,
          0.75,
          0.8500000000000001,
          0.95
        ],
        "actual": [
          0.125,
          0.16279069767441862,
          0.3106796116504854,
          0.28169014084507044,
          0.0,
          0.0,
          0.0,
          0.0,
          0.0,
          0.0
        ],
        "count": [
          8,
          43,
          103,
          71,
          0,
          0,
          0,
          0,
          0,
          0
        ]
      },
      "away": {
        "bins": [
          0.05,
          0.15000000000000002,
          0.25,
          0.35,
          0.45,
          0.55,
          0.6499999999999999,
          0.75,
          0.8500000000000001,
          0.95
        ],
        "predicted": [
          0.06291045068615163,
          0.15557563539906655,
          0.2445772176204236,
          0.3470965233210422,
          0.44921637908849166,
          0.5472263914253009,
          0.6210820611234839,
          0.7444237388502495,
          0.8500000000000001,
          0.95
        ],
        "actual": [
          0.09523809523809523,
          0.19672131147540983,
          0.25862068965517243,
          0.375,
          0.5,
          0.7142857142857143,
          1.0,
          1.0,
          0.0,
          0.0
        ],
        "count": [
          42,
          61,
          58,
          32,
          22,
          7,
          1,
          2,
          0,
          0
        ]
      }
    }
  },
  "betting": {
    "n_matches": 198,
    "brier_score": 0.6059003338730665,
    "log_loss": 1.0093231540837462,
    "accuracy": 0.5050505050505051
  },
  "roi": {
    "n_bets": 180,
    "wins": 80,
    "win_rate": 0.4444444444444444,
    "total_staked": 180.0,
    "total_returned": 197.12999999999997,
    "roi": 9.516666666666648
  },
  "betting_strategies": {
    "initial_bankroll": 1000.0,
    "best_strategy": {
      "name": "kelly_50pct",
      "roi": 998.0427492291623,
      "profit": 9980.427492291623
    },
    "worst_strategy": {
      "name": "predicted_winner",
      "roi": 25.24000000000003,
      "profit": 252.40000000000032
    },
    "strategies": {
      "value_2pct": {
        "final_bankroll": 1303.2000000000005,
        "profit": 303.2000000000005,
        "roi": 30.320000000000054,
        "n_bets": 255,
        "wins": 103,
        "win_rate": 0.403921568627451,
        "max_drawdown": 25.96363636363633
      },
      "value_5pct": {
        "final_bankroll": 1342.6000000000001,
        "profit": 342.60000000000014,
        "roi": 34.26000000000001,
        "n_bets": 180,
        "wins": 80,
        "win_rate": 0.4444444444444444,
        "max_drawdown": 13.887323943661961
      },
      "value_10pct": {
        "final_bankroll": 1530.4000000000003,
        "profit": 530.4000000000003,
        "roi": 53.040000000000035,
        "n_bets": 80,
        "wins": 45,
        "win_rate": 0.5625,
        "max_drawdown": 4.878971255673214
      },
      "value_15pct": {
        "final_bankroll": 1339.6,
        "profit": 339.5999999999999,
        "roi": 33.959999999999994,
        "n_bets": 43,
        "wins": 27,
        "win_rate": 0.627906976744186,
        "max_drawdown": 4.2926829268292686
      },
      "kelly_25pct": {
        "final_bankroll": 5536.993494301447,
        "profit": 4536.993494301447,
        "roi": 453.69934943014465,
        "n_bets": 180,
        "wins": 80,
        "win_rate": 0.4444444444444444,
        "max_drawdown": 27.01407446843669
      },
      "kelly_50pct": {
        "final_bankroll": 10980.427492291623,
        "profit": 9980.427492291623,
        "roi": 998.0427492291623,
        "n_bets": 180,
        "wins": 80,
        "win_rate": 0.4444444444444444,
        "max_drawdown": 50.53837160193232
      },
      "kelly_100pct": {
        "final_bankroll": 4699.336423749197,
        "profit": 3699.336423749197,
        "roi": 369.93364237491966,
        "n_bets": 180,
        "wins": 80,
        "win_rate": 0.4444444444444444,
        "max_drawdown": 76.84543608523326
      },
      "predicted_winner": {
        "final_bankroll": 1252.4000000000003,
        "profit": 252.40000000000032,
        "roi": 25.24000000000003,
        "n_bets": 198,
        "wins": 106,
        "win_rate": 0.5353535353535354,
        "max_drawdown": 19.25209542230819
      }
    },
    "profit_by_week": {
      "1": 16.599999999999994,
      "2": -102.0,
      "3": 17.6,
      "4": 91.0,
      "5": -91.0,
      "6": 67.4,
      "7": 49.0,
      "8": -49.400000000000006,
      "9": 169.6,
      "10": 137.8,
      "11": 73.39999999999999,
      "12": -93.4,
      "13": 49.0,
      "14": -112.8,
      "15": 74.4,
      "16": 66.39999999999999,
      "17": 34.4,
      "18": -35.6,
      "19": 30.0,
      "20": -29.4,
      "21": 10.0,
      "22": -30.4
    }
  }
}