{
  "timestamp": "2026-01-24T22:23:35.302532",
  "motson": {
    "n_matches": 225,
    "brier_score": 0.5878354652703088,
    "log_loss": 0.9837240262887408,
    "accuracy": 0.5244444444444445,
    "home_accuracy": 0.8640776699029126,
    "draw_accuracy": 0.06666666666666667,
    "away_accuracy": 0.4032258064516129,
    "calibration": {
      "home": {
        "bins": [
          0.05,
          0.15000000000000002,
          0.25,
          0.35,
          0.45,
          0.55,
          0.6499999999999999,
          0.75,
          0.8500000000000001,
          0.95
        ],
        "predicted": [
          0.0921989288836433,
          0.17875719366868362,
          0.25656118200311956,
          0.3485244607651928,
          0.45961481501610335,
          0.5436183631910124,
          0.6480351612485218,
          0.7606740862439765,
          0.8309303520031733,
          0.9214122041756398
        ],
        "actual": [
          0.0,
          0.16666666666666666,
          0.24242424242424243,
          0.34285714285714286,
          0.3939393939393939,
          0.4594594594594595,
          0.5428571428571428,
          0.65,
          0.8421052631578947,
          0.8
        ],
        "count": [
          2,
          6,
          33,
          35,
          33,
          37,
          35,
          20,
          19,
          5
        ]
      },
      "draw": {
        "bins": [
          0.05,
          0.15000000000000002,
          0.25,
          0.35,
          0.45,
          0.55,
          0.6499999999999999,
          0.75,
          0.8500000000000001,
          0.95
        ],
        "predicted": [
          0.07115698233825103,
          0.145809262882705,
          0.2566415417918441,
          0.32374982808213026,
          0.45,
          0.55,
          0.6499999999999999,
          0.75,
          0.8500000000000001,
          0.95
        ],
        "actual": [
          0.125,
          0.16279069767441862,
          0.3106796116504854,
          0.28169014084507044,
          0.0,
          0.0,
          0.0,
          0.0,
          0.0,
          0.0
        ],
        "count": [
          8,
          43,
          103,
          71,
          0,
          0,
          0,
          0,
          0,
          0
        ]
      },
      "away": {
        "bins": [
          0.05,
          0.15000000000000002,
          0.25,
          0.35,
          0.45,
          0.55,
          0.6499999999999999,
          0.75,
          0.8500000000000001,
          0.95
        ],
        "predicted": [
          0.06291045068615163,
          0.15557563539906655,
          0.2445772176204236,
          0.3470965233210422,
          0.44921637908849166,
          0.5472263914253009,
          0.6210820611234839,
          0.7444237388502495,
          0.8500000000000001,
          0.95
        ],
        "actual": [
          0.09523809523809523,
          0.19672131147540983,
          0.25862068965517243,
          0.375,
          0.5,
          0.7142857142857143,
          1.0,
          1.0,
          0.0,
          0.0
        ],
        "count": [
          42,
          61,
          58,
          32,
          22,
          7,
          1,
          2,
          0,
          0
        ]
      }
    }
  },
  "betting": {
    "n_matches": 198,
    "brier_score": 0.6059003338730665,
    "log_loss": 1.0093231540837462,
    "accuracy": 0.5050505050505051
  },
  "roi": {
    "n_bets": 180,
    "wins": 80,
    "win_rate": 0.4444444444444444,
    "total_staked": 180.0,
    "total_returned": 207.86791449478181,
    "roi": 15.48217471932323
  }
}