{
  "timestamp": "2026-01-26T18:24:53.386012",
  "motson": {
    "n_matches": 219,
    "brier_score": 0.601593785951317,
    "log_loss": 1.00620871087579,
    "accuracy": 0.5068493150684932,
    "home_accuracy": 0.8571428571428571,
    "draw_accuracy": 0.07017543859649122,
    "away_accuracy": 0.359375,
    "calibration": {
      "home": {
        "bins": [
          0.05,
          0.15000000000000002,
          0.25,
          0.35,
          0.45,
          0.55,
          0.6499999999999999,
          0.75,
          0.8500000000000001,
          0.95
        ],
        "predicted": [
          0.0921989288836433,
          0.18413406069463018,
          0.25707478120892546,
          0.3486889599896632,
          0.4574621466783973,
          0.543655789805363,
          0.6473741840568674,
          0.7628814349805617,
          0.8309303520031733,
          0.9214122041756398
        ],
        "actual": [
          0.0,
          0.2,
          0.25,
          0.3333333333333333,
          0.36363636363636365,
          0.45714285714285713,
          0.5588235294117647,
          0.5555555555555556,
          0.8421052631578947,
          0.8
        ],
        "count": [
          2,
          5,
          32,
          36,
          33,
          35,
          34,
          18,
          19,
          5
        ]
      },
      "draw": {
        "bins": [
          0.05,
          0.15000000000000002,
          0.25,
          0.35,
          0.45,
          0.55,
          0.6499999999999999,
          0.75,
          0.8500000000000001,
          0.95
        ],
        "predicted": [
          0.07115698233825103,
          0.14485036022971945,
          0.2566710845998395,
          0.3237627097437717,
          0.45,
          0.55,
          0.6499999999999999,
          0.75,
          0.8500000000000001,
          0.95
        ],
        "actual": [
          0.125,
          0.17073170731707318,
          0.29896907216494845,
          0.273972602739726,
          0.0,
          0.0,
          0.0,
          0.0,
          0.0,
          0.0
        ],
        "count": [
          8,
          41,
          97,
          73,
          0,
          0,
          0,
          0,
          0,
          0
        ]
      },
      "away": {
        "bins": [
          0.05,
          0.15000000000000002,
          0.25,
          0.35,
          0.45,
          0.55,
          0.6499999999999999,
          0.75,
          0.8500000000000001,
          0.95
        ],
        "predicted": [
          0.0613697089646401,
          0.15566350614050395,
          0.2459540278300611,
          0.3459483253819642,
          0.44858436153684067,
          0.5472263914253009,
          0.6499999999999999,
          0.7444237388502495,
          0.8500000000000001,
          0.95
        ],
        "actual": [
          0.125,
          0.22033898305084745,
          0.2807017543859649,
          0.3939393939393939,
          0.47619047619047616,
          0.7142857142857143,
          0.0,
          1.0,
          0.0,
          0.0
        ],
        "count": [
          40,
          59,
          57,
          33,
          21,
          7,
          0,
          2,
          0,
          0
        ]
      }
    }
  },
  "betting": {
    "n_matches": 198,
    "brier_score": 0.6059003338730665,
    "log_loss": 1.0093231540837462,
    "accuracy": 0.5050505050505051
  },
  "roi": {
    "n_bets": 174,
    "wins": 77,
    "win_rate": 0.4425287356321839,
    "total_staked": 174.0,
    "total_returned": 190.29999999999998,
    "roi": 9.367816091954014
  },
  "betting_strategies": {
    "initial_bankroll": 1000.0,
    "best_strategy": {
      "name": "kelly_50pct",
      "roi": 742.534959684868,
      "profit": 7425.34959684868
    },
    "worst_strategy": {
      "name": "predicted_winner",
      "roi": 20.180000000000085,
      "profit": 201.80000000000086
    },
    "strategies": {
      "value_2pct": {
        "final_bankroll": 1320.6000000000001,
        "profit": 320.60000000000014,
        "roi": 32.06000000000002,
        "n_bets": 246,
        "wins": 99,
        "win_rate": 0.4024390243902439,
        "max_drawdown": 25.639184142487757
      },
      "value_5pct": {
        "final_bankroll": 1326.0000000000002,
        "profit": 326.0000000000002,
        "roi": 32.60000000000002,
        "n_bets": 174,
        "wins": 77,
        "win_rate": 0.4425287356321839,
        "max_drawdown": 14.051588998147343
      },
      "value_10pct": {
        "final_bankroll": 1505.4000000000003,
        "profit": 505.4000000000003,
        "roi": 50.54000000000003,
        "n_bets": 78,
        "wins": 44,
        "win_rate": 0.5641025641025641,
        "max_drawdown": 4.997094712376528
      },
      "value_15pct": {
        "final_bankroll": 1314.6,
        "profit": 314.5999999999999,
        "roi": 31.459999999999994,
        "n_bets": 41,
        "wins": 26,
        "win_rate": 0.6341463414634146,
        "max_drawdown": 4.3999999999999995
      },
      "kelly_25pct": {
        "final_bankroll": 4468.937648963827,
        "profit": 3468.937648963827,
        "roi": 346.8937648963827,
        "n_bets": 174,
        "wins": 77,
        "win_rate": 0.4425287356321839,
        "max_drawdown": 26.829452788368734
      },
      "kelly_50pct": {
        "final_bankroll": 8425.34959684868,
        "profit": 7425.34959684868,
        "roi": 742.534959684868,
        "n_bets": 174,
        "wins": 77,
        "win_rate": 0.4425287356321839,
        "max_drawdown": 50.53837160193233
      },
      "kelly_100pct": {
        "final_bankroll": 4351.265531534591,
        "profit": 3351.265531534591,
        "roi": 335.1265531534591,
        "n_bets": 174,
        "wins": 77,
        "win_rate": 0.4425287356321839,
        "max_drawdown": 76.84543608523327
      },
      "predicted_winner": {
        "final_bankroll": 1201.8000000000009,
        "profit": 201.80000000000086,
        "roi": 20.180000000000085,
        "n_bets": 189,
        "wins": 100,
        "win_rate": 0.5291005291005291,
        "max_drawdown": 19.901359637430012
      }
    },
    "profit_by_week": {
      "2": -102.0,
      "3": 17.6,
      "4": 91.0,
      "5": -91.0,
      "6": 67.4,
      "7": 49.0,
      "8": -49.400000000000006,
      "9": 169.6,
      "10": 137.8,
      "11": 73.39999999999999,
      "12": -93.4,
      "13": 49.0,
      "14": -112.8,
      "15": 74.4,
      "16": 66.39999999999999,
      "17": 34.4,
      "18": -35.6,
      "19": 30.0,
      "20": -29.4,
      "21": 10.0,
      "22": -30.4
    }
  }
}