{
  "timestamp": "2026-01-24T22:52:24.805257",
  "motson": {
    "n_matches": 225,
    "brier_score": 0.5878354652703088,
    "log_loss": 0.9837240262887408,
    "accuracy": 0.5244444444444445,
    "home_accuracy": 0.8640776699029126,
    "draw_accuracy": 0.06666666666666667,
    "away_accuracy": 0.4032258064516129,
    "calibration": {
      "home": {
        "bins": [
          0.05,
          0.15000000000000002,
          0.25,
          0.35,
          0.45,
          0.55,
          0.6499999999999999,
          0.75,
          0.8500000000000001,
          0.95
        ],
        "predicted": [
          0.0921989288836433,
          0.17875719366868362,
          0.25656118200311956,
          0.3485244607651928,
          0.45961481501610335,
          0.5436183631910124,
          0.6480351612485218,
          0.7606740862439765,
          0.8309303520031733,
          0.9214122041756398
        ],
        "actual": [
          0.0,
          0.16666666666666666,
          0.24242424242424243,
          0.34285714285714286,
          0.3939393939393939,
          0.4594594594594595,
          0.5428571428571428,
          0.65,
          0.8421052631578947,
          0.8
        ],
        "count": [
          2,
          6,
          33,
          35,
          33,
          37,
          35,
          20,
          19,
          5
        ]
      },
      "draw": {
        "bins": [
          0.05,
          0.15000000000000002,
          0.25,
          0.35,
          0.45,
          0.55,
          0.6499999999999999,
          0.75,
          0.8500000000000001,
          0.95
        ],
        "predicted": [
          0.07115698233825103,
          0.145809262882705,
          0.2566415417918441,
          0.32374982808213026,
          0.45,
          0.55,
          0.6499999999999999,
          0.75,
          0.8500000000000001,
          0.95
        ],
        "actual": [
          0.125,
          0.16279069767441862,
          0.3106796116504854,
          0.28169014084507044,
          0.0,
          0.0,
          0.0,
          0.0,
          0.0,
          0.0
        ],
        "count": [
          8,
          43,
          103,
          71,
          0,
          0,
          0,
          0,
          0,
          0
        ]
      },
      "away": {
        "bins": [
          0.05,
          0.15000000000000002,
          0.25,
          0.35,
          0.45,
          0.55,
          0.6499999999999999,
          0.75,
          0.8500000000000001,
          0.95
        ],
        "predicted": [
          0.06291045068615163,
          0.15557563539906655,
          0.2445772176204236,
          0.3470965233210422,
          0.44921637908849166,
          0.5472263914253009,
          0.6210820611234839,
          0.7444237388502495,
          0.8500000000000001,
          0.95
        ],
        "actual": [
          0.09523809523809523,
          0.19672131147540983,
          0.25862068965517243,
          0.375,
          0.5,
          0.7142857142857143,
          1.0,
          1.0,
          0.0,
          0.0
        ],
        "count": [
          42,
          61,
          58,
          32,
          22,
          7,
          1,
          2,
          0,
          0
        ]
      }
    }
  },
  "betting": {
    "n_matches": 198,
    "brier_score": 0.6059003338730665,
    "log_loss": 1.0093231540837462,
    "accuracy": 0.5050505050505051
  },
  "roi": {
    "n_bets": 160,
    "wins": 72,
    "win_rate": 0.45,
    "total_staked": 160.0,
    "total_returned": 164.97999999999996,
    "roi": 3.112499999999976
  },
  "betting_strategies": {
    "initial_bankroll": 1000.0,
    "best_strategy": {
      "name": "kelly_50pct",
      "roi": 142.38532212320715,
      "profit": 1423.8532212320715
    },
    "worst_strategy": {
      "name": "value_5pct",
      "roi": 9.960000000000013,
      "profit": 99.60000000000014
    },
    "strategies": {
      "value_2pct": {
        "final_bankroll": 1130.2000000000007,
        "profit": 130.20000000000073,
        "roi": 13.020000000000072,
        "n_bets": 195,
        "wins": 84,
        "win_rate": 0.4307692307692308,
        "max_drawdown": 30.93797276853248
      },
      "value_5pct": {
        "final_bankroll": 1099.6000000000001,
        "profit": 99.60000000000014,
        "roi": 9.960000000000013,
        "n_bets": 160,
        "wins": 72,
        "win_rate": 0.45,
        "max_drawdown": 23.05479649072342
      },
      "value_10pct": {
        "final_bankroll": 1395.4000000000003,
        "profit": 395.4000000000003,
        "roi": 39.54000000000003,
        "n_bets": 77,
        "wins": 43,
        "win_rate": 0.5584415584415584,
        "max_drawdown": 7.821376667987849
      },
      "value_15pct": {
        "final_bankroll": 1339.6,
        "profit": 339.5999999999999,
        "roi": 33.959999999999994,
        "n_bets": 43,
        "wins": 27,
        "win_rate": 0.627906976744186,
        "max_drawdown": 4.2926829268292686
      },
      "kelly_25pct": {
        "final_bankroll": 1904.223261190339,
        "profit": 904.2232611903389,
        "roi": 90.4223261190339,
        "n_bets": 160,
        "wins": 72,
        "win_rate": 0.45,
        "max_drawdown": 39.03680807655765
      },
      "kelly_50pct": {
        "final_bankroll": 2423.8532212320715,
        "profit": 1423.8532212320715,
        "roi": 142.38532212320715,
        "n_bets": 160,
        "wins": 72,
        "win_rate": 0.45,
        "max_drawdown": 64.86600162337471
      },
      "kelly_100pct": {
        "final_bankroll": 1305.6141202498036,
        "profit": 305.6141202498036,
        "roi": 30.56141202498036,
        "n_bets": 160,
        "wins": 72,
        "win_rate": 0.45,
        "max_drawdown": 90.24912649533131
      },
      "predicted_winner": {
        "final_bankroll": 1252.4000000000003,
        "profit": 252.40000000000032,
        "roi": 25.24000000000003,
        "n_bets": 198,
        "wins": 106,
        "win_rate": 0.5353535353535354,
        "max_drawdown": 19.25209542230819
      }
    },
    "profit_by_week": {
      "1": 16.599999999999994,
      "2": -82.0,
      "3": 17.6,
      "4": -22.000000000000007,
      "5": -91.0,
      "6": 107.4,
      "7": 69.0,
      "8": -29.400000000000006,
      "9": 209.6,
      "10": 157.8,
      "11": -6.600000000000001,
      "12": -93.4,
      "13": 49.0,
      "14": -112.8,
      "15": 114.4,
      "16": 66.39999999999999,
      "17": -25.599999999999994,
      "18": -35.6,
      "19": -100.0,
      "20": -61.4,
      "21": -18.0,
      "22": -30.4
    }
  }
}