{
  "generated_at": "2026-01-19T23:25:17.081142",
  "total_simulations": 100000000,
  "week": 22,
  "teams": {
    "Arsenal": {
      "p_title": 86.429146,
      "p_top4": 99.998464,
      "p_top6": 99.999988,
      "p_top10": 100.0,
      "p_relegation": 0.0,
      "expected_points": 84.5550594,
      "expected_position": 1.14470829,
      "current_points": 50,
      "title_count": 86429146,
      "relegation_count": 0,
      "position_probs": {
        "1": 86.429146,
        "2": 12.71962,
        "3": 0.804146,
        "4": 0.045511,
        "5": 0.001377,
        "6": 0.000147,
        "7": 1.1e-05,
        "8": 1e-06,
        "9": 0.0,
        "10": 0.0,
        "11": 0.0,
        "12": 0.0,
        "13": 0.0,
        "14": 0.0,
        "15": 0.0,
        "16": 0.0,
        "17": 0.0,
        "18": 0.0,
        "19": 0.0,
        "20": 0.0
      }
    },
    "Manchester City": {
      "p_title": 12.686444999999999,
      "p_top4": 99.75861499999999,
      "p_top6": 99.995941,
      "p_top10": 99.999995,
      "p_relegation": 0.0,
      "expected_points": 77.64088318,
      "expected_position": 2.06656132,
      "current_points": 43,
      "title_count": 12686445,
      "relegation_count": 0,
      "position_probs": {
        "1": 12.686444999999999,
        "2": 69.87929000000001,
        "3": 15.8051,
        "4": 1.387753,
        "5": 0.208843,
        "6": 0.028476,
        "7": 0.003065,
        "8": 0.0007849999999999999,
        "9": 0.00017099999999999998,
        "10": 3.3e-05,
        "11": 4e-06,
        "12": 1e-06,
        "13": 0.0,
        "14": 0.0,
        "15": 0.0,
        "16": 0.0,
        "17": 0.0,
        "18": 0.0,
        "19": 0.0,
        "20": 0.0
      }
    },
    "Aston Villa": {
      "p_title": 0.8508430000000001,
      "p_top4": 93.51418500000001,
      "p_top6": 99.16571400000001,
      "p_top10": 99.990996,
      "p_relegation": 0.0,
      "expected_points": 70.26378778,
      "expected_position": 3.22079395,
      "current_points": 43,
      "title_count": 850843,
      "relegation_count": 0,
      "position_probs": {
        "1": 0.8508430000000001,
        "2": 14.981362,
        "3": 55.55255999999999,
        "4": 22.12942,
        "5": 4.048378,
        "6": 1.603129,
        "7": 0.571013,
        "8": 0.18127200000000002,
        "9": 0.050371,
        "10": 0.022619,
        "11": 0.006156,
        "12": 0.002136,
        "13": 0.000536,
        "14": 0.000145,
        "15": 2.8999999999999997e-05,
        "16": 2e-06,
        "17": 0.0,
        "18": 0.0,
        "19": 0.0,
        "20": 0.0
      }
    },
    "Liverpool": {
      "p_title": 0.030461000000000002,
      "p_top4": 62.451108,
      "p_top6": 91.753078,
      "p_top10": 99.530111,
      "p_relegation": 0.0,
      "expected_points": 64.55513927,
      "expected_position": 4.48252565,
      "current_points": 36,
      "title_count": 30461,
      "relegation_count": 0,
      "position_probs": {
        "1": 0.030461000000000002,
        "2": 2.0671470000000003,
        "3": 19.630928,
        "4": 40.722572,
        "5": 19.524507999999997,
        "6": 9.777462,
        "7": 3.987457,
        "8": 2.063794,
        "9": 1.1952269999999998,
        "10": 0.530555,
        "11": 0.23728500000000002,
        "12": 0.14499599999999999,
        "13": 0.055057,
        "14": 0.023231,
        "15": 0.007979,
        "16": 0.001243,
        "17": 9.2e-05,
        "18": 0.0,
        "19": 0.0,
        "20": 0.0
      }
    },
    "Chelsea": {
      "p_title": 0.0016079999999999998,
      "p_top4": 17.865382,
      "p_top6": 57.987368,
      "p_top10": 93.966384,
      "p_relegation": 0.000549,
      "expected_points": 58.91916944,
      "expected_position": 6.42132398,
      "current_points": 34,
      "title_count": 1608,
      "relegation_count": 549,
      "position_probs": {
        "1": 0.0016079999999999998,
        "2": 0.171894,
        "3": 3.3463920000000003,
        "4": 14.345488000000001,
        "5": 23.61072,
        "6": 16.511266,
        "7": 17.052469000000002,
        "8": 9.401626,
        "9": 5.246087,
        "10": 4.278834,
        "11": 2.73509,
        "12": 1.528978,
        "13": 0.918921,
        "14": 0.572186,
        "15": 0.192246,
        "16": 0.078589,
        "17": 0.007053,
        "18": 0.000545,
        "19": 4e-06,
        "20": 0.0
      }
    },
    "Manchester Utd": {
      "p_title": 0.001294,
      "p_top4": 15.597033,
      "p_top6": 62.630111,
      "p_top10": 94.587712,
      "p_relegation": 0.000491,
      "expected_points": 59.06264053,
      "expected_position": 6.42356076,
      "current_points": 35,
      "title_count": 1294,
      "relegation_count": 491,
      "position_probs": {
        "1": 0.001294,
        "2": 0.144677,
        "3": 3.440912,
        "4": 12.01015,
        "5": 22.817439,
        "6": 24.215639,
        "7": 11.735007999999999,
        "8": 9.307644,
        "9": 7.00616,
        "10": 3.908789,
        "11": 2.065418,
        "12": 1.771244,
        "13": 0.833664,
        "14": 0.44284199999999996,
        "15": 0.234957,
        "16": 0.05603999999999999,
        "17": 0.007632,
        "18": 0.000489,
        "19": 2e-06,
        "20": 0.0
      }
    },
    "Newcastle Utd": {
      "p_title": 0.000153,
      "p_top4": 5.321807,
      "p_top6": 36.115467,
      "p_top10": 85.867886,
      "p_relegation": 0.0037530000000000003,
      "expected_points": 56.07444895,
      "expected_position": 7.75874482,
      "current_points": 33,
      "title_count": 153,
      "relegation_count": 3753,
      "position_probs": {
        "1": 0.000153,
        "2": 0.028264,
        "3": 0.896813,
        "4": 4.396576,
        "5": 13.394445999999999,
        "6": 17.399214,
        "7": 16.12367,
        "8": 13.067578999999999,
        "9": 13.068451,
        "10": 7.492673,
        "11": 4.607251,
        "12": 4.477647,
        "13": 2.4040760000000003,
        "14": 1.441954,
        "15": 0.8974599999999999,
        "16": 0.256869,
        "17": 0.043103999999999996,
        "18": 0.003709,
        "19": 4.4e-05,
        "20": 0.0
      }
    },
    "Everton": {
      "p_title": 1.4000000000000001e-05,
      "p_top4": 1.6372870000000002,
      "p_top6": 14.056487,
      "p_top10": 60.586498,
      "p_relegation": 0.047729,
      "expected_points": 52.28650404,
      "expected_position": 9.82070497,
      "current_points": 32,
      "title_count": 14,
      "relegation_count": 47729,
      "position_probs": {
        "1": 1.4000000000000001e-05,
        "2": 0.003239,
        "3": 0.176063,
        "4": 1.457978,
        "5": 4.3665780000000005,
        "6": 8.052615000000001,
        "7": 10.599681,
        "8": 11.200796,
        "9": 12.473371,
        "10": 12.256158000000001,
        "11": 8.512922,
        "12": 11.007121999999999,
        "13": 6.899383,
        "14": 6.362312,
        "15": 4.146537,
        "16": 2.058808,
        "17": 0.378665,
        "18": 0.046231,
        "19": 0.001502,
        "20": 0.0
      }
    },
    "Sunderland": {
      "p_title": 4.9999999999999996e-06,
      "p_top4": 1.110876,
      "p_top6": 10.557871,
      "p_top10": 55.570438,
      "p_relegation": 0.047733,
      "expected_points": 52.19676851,
      "expected_position": 10.12042951,
      "current_points": 33,
      "title_count": 5,
      "relegation_count": 47733,
      "position_probs": {
        "1": 4.9999999999999996e-06,
        "2": 0.00124,
        "3": 0.110452,
        "4": 0.999179,
        "5": 3.281223,
        "6": 6.165761,
        "7": 8.9878,
        "8": 11.399777,
        "9": 12.380469,
        "10": 12.244521,
        "11": 12.294063,
        "12": 9.52604,
        "13": 9.885225,
        "14": 5.368033,
        "15": 5.183931,
        "16": 1.6149509999999998,
        "17": 0.509563,
        "18": 0.046206,
        "19": 0.0015290000000000002,
        "20": 0.0
      }
    },
    "Brentford": {
      "p_title": 2.9999999999999997e-06,