{
  "generated_at": "2026-01-19T04:13:46.511645",
  "total_simulations": 100000000,
  "week": 22,
  "teams": {
    "Arsenal": {
      "p_title": 86.429146,
      "p_top4": 99.998464,
      "p_top6": 99.999988,
      "p_top10": 100.0,
      "p_relegation": 0.0,
      "expected_points": 84.5550594,
      "expected_position": 1.14470829,
      "current_points": 50,
      "title_count": 86429146,
      "relegation_count": 0
    },
    "Manchester City": {
      "p_title": 12.686444999999999,
      "p_top4": 99.75861499999999,
      "p_top6": 99.995941,
      "p_top10": 99.999995,
      "p_relegation": 0.0,
      "expected_points": 77.64088318,
      "expected_position": 2.06656132,
      "current_points": 43,
      "title_count": 12686445,
      "relegation_count": 0
    },
    "Aston Villa": {
      "p_title": 0.8508430000000001,
      "p_top4": 93.51418500000001,
      "p_top6": 99.16571400000001,
      "p_top10": 99.990996,
      "p_relegation": 0.0,
      "expected_points": 70.26378778,
      "expected_position": 3.22079395,
      "current_points": 43,
      "title_count": 850843,
      "relegation_count": 0
    },
    "Liverpool": {
      "p_title": 0.030461000000000002,
      "p_top4": 62.451108,
      "p_top6": 91.753078,
      "p_top10": 99.530111,
      "p_relegation": 0.0,
      "expected_points": 64.55513927,
      "expected_position": 4.48252565,
      "current_points": 36,
      "title_count": 30461,
      "relegation_count": 0
    },
    "Chelsea": {
      "p_title": 0.0016079999999999998,
      "p_top4": 17.865382,
      "p_top6": 57.987368,
      "p_top10": 93.966384,
      "p_relegation": 0.000549,
      "expected_points": 58.91916944,
      "expected_position": 6.42132398,
      "current_points": 34,
      "title_count": 1608,
      "relegation_count": 549
    },
    "Manchester Utd": {
      "p_title": 0.001294,
      "p_top4": 15.597033,
      "p_top6": 62.630111,
      "p_top10": 94.587712,
      "p_relegation": 0.000491,
      "expected_points": 59.06264053,
      "expected_position": 6.42356076,
      "current_points": 35,
      "title_count": 1294,
      "relegation_count": 491
    },
    "Newcastle Utd": {
      "p_title": 0.000153,
      "p_top4": 5.321807,
      "p_top6": 36.115467,
      "p_top10": 85.867886,
      "p_relegation": 0.0037530000000000003,
      "expected_points": 56.07444895,
      "expected_position": 7.75874482,
      "current_points": 33,
      "title_count": 153,
      "relegation_count": 3753
    },
    "Everton": {
      "p_title": 1.4000000000000001e-05,
      "p_top4": 1.6372870000000002,
      "p_top6": 14.056487,
      "p_top10": 60.586498,
      "p_relegation": 0.047729,
      "expected_points": 52.28650404,
      "expected_position": 9.82070497,
      "current_points": 32,
      "title_count": 14,
      "relegation_count": 47729
    },
    "Sunderland": {
      "p_title": 4.9999999999999996e-06,
      "p_top4": 1.110876,
      "p_top6": 10.557871,
      "p_top10": 55.570438,
      "p_relegation": 0.047733,
      "expected_points": 52.19676851,
      "expected_position": 10.12042951,
      "current_points": 33,
      "title_count": 5,
      "relegation_count": 47733
    },
    "Brentford": {
      "p_title": 2.9999999999999997e-06,
      "p_top4": 1.2611459999999999,
      "p_top6": 10.209562,
      "p_top10": 57.570885000000004,
      "p_relegation": 0.042865,
      "expected_points": 51.95496398,
      "expected_position": 10.03340508,
      "current_points": 33,
      "title_count": 3,
      "relegation_count": 42865
    },
    "Fulham": {
      "p_title": 1e-06,
      "p_top4": 0.503024,
      "p_top6": 6.20108,
      "p_top10": 41.936602,
      "p_relegation": 0.178206,
      "expected_points": 50.09064936,
      "expected_position": 11.14385077,
      "current_points": 31,
      "title_count": 1,
      "relegation_count": 178206
    },
    "Bournemouth": {
      "p_title": 0.0,
      "p_top4": 0.018175,
      "p_top6": 0.341962,
      "p_top10": 7.364991999999999,
      "p_relegation": 3.884373,
      "expected_points": 43.89028756,
      "expected_position": 14.47016442,
      "current_points": 26,
      "title_count": 0,
      "relegation_count": 3884373
    },
    "Brighton": {
      "p_title": 0.0,
      "p_top4": 0.539683,
      "p_top6": 4.97652,
      "p_top10": 38.458926,
      "p_relegation": 0.246221,
      "expected_points": 49.72996604,
      "expected_position": 11.34940024,
      "current_points": 29,
      "title_count": 0,
      "relegation_count": 246221
    },
    "Burnley": {
      "p_title": 0.0,
      "p_top4": 0.0,
      "p_top6": 7.000000000000001e-06,
      "p_top10": 0.003117,
      "p_relegation": 91.100684,
      "expected_points": 29.94924889,
      "expected_position": 18.58069307,
      "current_points": 14,
      "title_count": 0,
      "relegation_count": 91100684
    },
    "Crystal Palace": {
      "p_title": 0.0,
      "p_top4": 0.23175600000000002,
      "p_top6": 2.612523,
      "p_top10": 26.656968,
      "p_relegation": 0.678849,
      "expected_points": 48.15265583,
      "expected_position": 12.29284326,
      "current_points": 28,
      "title_count": 0,
      "relegation_count": 678849
    },
    "Leeds United": {
      "p_title": 0.0,
      "p_top4": 0.028756,
      "p_top6": 0.897683,
      "p_top10": 12.933423999999999,
      "p_relegation": 2.3753480000000002,
      "expected_points": 45.41868351,
      "expected_position": 13.69151527,
      "current_points": 25,
      "title_count": 0,
      "relegation_count": 2375348
    },
    "Nott'ham Forest": {
      "p_title": 0.0,
      "p_top4": 0.000122,
      "p_top6": 0.008475,
      "p_top10": 0.48883299999999996,
      "p_relegation": 29.959551,
      "expected_points": 37.75565973,
      "expected_position": 16.81341526,
      "current_points": 22,
      "title_count": 0,
      "relegation_count": 29959551
    },
    "Tottenham": {
      "p_title": 0.0,
      "p_top4": 0.16257000000000002,
      "p_top6": 2.489974,
      "p_top10": 24.458902,
      "p_relegation": 0.615405,
      "expected_points": 48.19098149,
      "expected_position": 12.34624804,
      "current_points": 27,
      "title_count": 0,
      "relegation_count": 615405
    },
    "West Ham": {
      "p_title": 0.0,
      "p_top4": 4e-06,
      "p_top6": 0.00018899999999999999,
      "p_top10": 0.027314,
      "p_relegation": 71.068013,
      "expected_points": 33.36962674,
      "expected_position": 17.93721633,
      "current_points": 17,
      "title_count": 0,
      "relegation_count": 71068013
    },
    "Wolves": {
      "p_title": 0.0,
      "p_top4": 0.0,
      "p_top6": 0.0,
      "p_top10": 1e-06,
      "p_relegation": 99.75022,
      "expected_points": 21.2446774,
      "expected_position": 19.88189501,
      "current_points": 8,
      "title_count": 0,
      "relegation_count": 99750220
    }
  }
}