{
  "generated_at": "2026-01-25T19:49:36.454603",
  "total_simulations": 100000000,
  "week": 23,
  "teams": {
    "Arsenal": {
      "p_title": 76.420133,
      "p_top4": 99.995114,
      "p_top6": 99.999959,
      "p_top10": 100.0,
      "p_relegation": 0.0,
      "expected_points": 82.47022692,
      "expected_position": 1.26573312,
      "current_points": 50,
      "title_count": 76420133,
      "relegation_count": 0,
      "position_probs": {
        "1": 76.420133,
        "2": 20.714535,
        "3": 2.742667,
        "4": 0.117779,
        "5": 0.004365,
        "6": 0.00047999999999999996,
        "7": 4.1e-05,
        "8": 0.0,
        "9": 0.0,
        "10": 0.0,
        "11": 0.0,
        "12": 0.0,
        "13": 0.0,
        "14": 0.0,
        "15": 0.0,
        "16": 0.0,
        "17": 0.0,
        "18": 0.0,
        "19": 0.0,
        "20": 0.0
      }
    },
    "Manchester City": {
      "p_title": 20.739406,
      "p_top4": 99.77873699999999,
      "p_top6": 99.99795900000001,
      "p_top10": 99.999997,
      "p_relegation": 0.0,
      "expected_points": 77.94651107,
      "expected_position": 2.01798774,
      "current_points": 46,
      "title_count": 20739406,
      "relegation_count": 0,
      "position_probs": {
        "1": 20.739406,
        "2": 58.290588,
        "3": 19.652595,
        "4": 1.096148,
        "5": 0.194235,
        "6": 0.024977000000000003,
        "7": 0.0016799999999999999,
        "8": 0.000298,
        "9": 4.9999999999999996e-05,
        "10": 9.999999999999999e-06,
        "11": 2.9999999999999997e-06,
        "12": 0.0,
        "13": 0.0,
        "14": 0.0,
        "15": 0.0,
        "16": 0.0,
        "17": 0.0,
        "18": 0.0,
        "19": 0.0,
        "20": 0.0
      }
    },
    "Aston Villa": {
      "p_title": 2.817904,
      "p_top4": 96.634174,
      "p_top6": 99.781972,
      "p_top10": 99.99932799999999,
      "p_relegation": 0.0,
      "expected_points": 72.09235535,
      "expected_position": 2.9632343,
      "current_points": 46,
      "title_count": 2817904,
      "relegation_count": 0,
      "position_probs": {
        "1": 2.817904,
        "2": 19.881241,
        "3": 60.075268,
        "4": 13.859761,
        "5": 2.3922079999999997,
        "6": 0.75559,
        "7": 0.17415899999999998,
        "8": 0.034131,
        "9": 0.006810999999999999,
        "10": 0.002255,
        "11": 0.000498,
        "12": 0.000143,
        "13": 2.3e-05,
        "14": 7.000000000000001e-06,
        "15": 1e-06,
        "16": 0.0,
        "17": 0.0,
        "18": 0.0,
        "19": 0.0,
        "20": 0.0
      }
    },
    "Liverpool": {
      "p_title": 0.011362,
      "p_top4": 43.625047,
      "p_top6": 86.971541,
      "p_top10": 99.244389,
      "p_relegation": 3.4e-05,
      "expected_points": 62.72312668,
      "expected_position": 5.02598624,
      "current_points": 36,
      "title_count": 11362,
      "relegation_count": 34,
      "position_probs": {
        "1": 0.011362,
        "2": 0.603969,
        "3": 8.327476,
        "4": 34.68224,
        "5": 26.430698000000003,
        "6": 16.915796,
        "7": 6.578604,
        "8": 3.046249,
        "9": 1.8401230000000002,
        "10": 0.8078470000000001,
        "11": 0.359497,
        "12": 0.234124,
        "13": 0.097445,
        "14": 0.043807,
        "15": 0.016719,
        "16": 0.0035129999999999996,
        "17": 0.00046399999999999995,
        "18": 3.4e-05,
        "19": 0.0,
        "20": 0.0
      }
    },
    "Chelsea": {
      "p_title": 0.0057009999999999995,
      "p_top4": 25.503354,
      "p_top6": 70.948576,
      "p_top10": 97.63372700000001,
      "p_relegation": 0.000162,
      "expected_points": 60.29917731,
      "expected_position": 5.7834678,
      "current_points": 37,
      "title_count": 5701,
      "relegation_count": 162,
      "position_probs": {
        "1": 0.0057009999999999995,
        "2": 0.20791500000000002,
        "3": 3.635689,
        "4": 21.654063,
        "5": 25.887560999999998,
        "6": 19.557622,
        "7": 15.143681,
        "8": 6.441904,
        "9": 2.9967580000000003,
        "10": 2.102785,
        "11": 1.236143,
        "12": 0.5696289999999999,
        "13": 0.310581,
        "14": 0.168899,
        "15": 0.055805999999999994,
        "16": 0.022734,
        "17": 0.002317,
        "18": 0.000162,
        "19": 0.0,
        "20": 0.0
      }
    },
    "Manchester Utd": {
      "p_title": 0.005463,
      "p_top4": 28.769145,
      "p_top6": 80.641543,
      "p_top10": 98.55334,
      "p_relegation": 9.4e-05,
      "expected_points": 61.3688325,
      "expected_position": 5.51325236,
      "current_points": 38,
      "title_count": 5463,
      "relegation_count": 94,
      "position_probs": {
        "1": 0.005463,
        "2": 0.296173,
        "3": 5.232972,
        "4": 23.234537,
        "5": 27.419184,
        "6": 24.453214000000003,
        "7": 8.278766,
        "8": 5.098486,
        "9": 3.100561,
        "10": 1.4339819999999999,
        "11": 0.625664,
        "12": 0.477071,
        "13": 0.19728900000000002,
        "14": 0.093653,
        "15": 0.041484999999999994,
        "16": 0.009813,
        "17": 0.001577,
        "18": 9.4e-05,
        "19": 0.0,
        "20": 0.0
      }
    },
    "Newcastle Utd": {
      "p_title": 2.6e-05,
      "p_top4": 2.541748,
      "p_top6": 24.142505,
      "p_top10": 81.52589300000001,
      "p_relegation": 0.019966,
      "expected_points": 54.56184667,
      "expected_position": 8.35978227,
      "current_points": 33,
      "title_count": 26,
      "relegation_count": 19966,
      "position_probs": {
        "1": 2.6e-05,
        "2": 0.003973,
        "3": 0.18412,
        "4": 2.353629,
        "5": 7.8722520000000005,
        "6": 13.728504999999998,
        "7": 18.71072,
        "8": 14.87406,
        "9": 14.992659999999999,
        "10": 8.805947999999999,
        "11": 5.327797,
        "12": 5.586492,
        "13": 3.252257,
        "14": 2.140804,
        "15": 1.4421410000000001,
        "16": 0.554766,
        "17": 0.14985400000000001,
        "18": 0.019752,
        "19": 0.000214,
        "20": 0.0
      }
    },
    "Brentford": {
      "p_title": 2e-06,
      "p_top4": 0.430322,
      "p_top6": 4.654086,
      "p_top10": 45.088389,
      "p_relegation": 0.214302,
      "expected_points": 50.06890796,
      "expected_position": 10.98489521,
      "current_points": 33,
      "title_count": 2,
      "relegation_count": 214302,
      "position_probs": {
        "1": 2e-06,
        "2": 0.00019,
        "3": 0.017605,
        "4": 0.412518,
        "5": 1.327364,
        "6": 2.8964,
        "7": 6.903492,
        "8": 11.743531,
        "9": 9.297141,
        "10": 12.490128,
        "11": 11.806782,
        "12": 11.645004,
        "13": 8.615822,
        "14": 10.484658,
        "15": 5.802510000000001,
        "16": 5.208002,
        "17": 1.1345310000000002,
        "18": 0.207334,
        "19": 0.006958,
        "20": 1e-06
      }
    },
    "Fulham": {
      "p_title": 2e-06,
      "p_top4": 0.8587849999999999,
      "p_top6": 9.801298,
      "p_top10": 59.313897999999995,
      "p_relegation": 0.104726,
      "expected_points": 51.60520895,
      "expected_position": 10.04485718,
      "current_points": 34,
      "title_count": 2,
      "relegation_count": 104726,
      "position_probs": {
        "1": 2e-06,
        "2": 0.000718,
        "3": 0.053305,
        "4": 0.804736,
        "5": 2.493499,
        "6": 6.448993,
        "7": 11.137768000000001,
        "8": 11.480331000000001,
        "9": 14.051842,
        "10": 12.842642000000001,
        "11": 8.797752000000001,
        "12": 10.908535,
        "13": 7.186335000000001,
        "14": 6.6962530000000005,
        "15": 4.035952,
        "16": 2.2921199999999997,
        "17": 0.664423,
        "18": 0.102318,
        "19": 0.0024029999999999998,
        "20": 0.0
      }
    },
    "Sunderland": {
      "p_title": 1e-06,