{
  "generated_at": "2026-01-26T23:04:28.748649",
  "total_simulations": 100000000,
  "week": 23,
  "teams": {
    "Arsenal": {
      "p_title": 63.718823,
      "p_top4": 99.935967,
      "p_top6": 99.998825,
      "p_top10": 100.0,
      "p_relegation": 0.0,
      "expected_points": 79.4318031,
      "expected_position": 1.42699593,
      "current_points": 50,
      "title_count": 63718823,
      "relegation_count": 0,
      "position_probs": {
        "1": 63.718823,
        "2": 30.682350000000003,
        "3": 4.854615,
        "4": 0.680179,
        "5": 0.054016,
        "6": 0.008837,
        "7": 0.001045,
        "8": 0.00010899999999999999,
        "9": 1.4999999999999999e-05,
        "10": 5.999999999999999e-06,
        "11": 0.0,
        "12": 0.0,
        "13": 0.0,
        "14": 0.0,
        "15": 0.0,
        "16": 0.0,
        "17": 0.0,
        "18": 0.0,
        "19": 0.0,
        "20": 0.0
      }
    },
    "Manchester City": {
      "p_title": 32.890386,
      "p_top4": 99.64559200000001,
      "p_top6": 99.996196,
      "p_top10": 99.999994,
      "p_relegation": 0.0,
      "expected_points": 77.21725925,
      "expected_position": 1.85275663,
      "current_points": 46,
      "title_count": 32890386,
      "relegation_count": 0,
      "position_probs": {
        "1": 32.890386,
        "2": 51.090875000000004,
        "3": 14.278818,
        "4": 1.385486,
        "5": 0.306006,
        "6": 0.044597000000000005,
        "7": 0.0031279999999999997,
        "8": 0.000553,
        "9": 0.000101,
        "10": 1.6e-05,
        "11": 4e-06,
        "12": 2e-06,
        "13": 0.0,
        "14": 0.0,
        "15": 0.0,
        "16": 0.0,
        "17": 0.0,
        "18": 0.0,
        "19": 0.0,
        "20": 0.0
      }
    },
    "Aston Villa": {
      "p_title": 3.2301370000000005,
      "p_top4": 91.875812,
      "p_top6": 99.305456,
      "p_top10": 99.996398,
      "p_relegation": 0.0,
      "expected_points": 69.88361702,
      "expected_position": 3.20390091,
      "current_points": 46,
      "title_count": 3230137,
      "relegation_count": 0,
      "position_probs": {
        "1": 3.2301370000000005,
        "2": 15.380189,
        "3": 50.949995,
        "4": 22.315444,
        "5": 5.374708999999999,
        "6": 2.054935,
        "7": 0.5320550000000001,
        "8": 0.121196,
        "9": 0.027206,
        "10": 0.010484,
        "11": 0.002565,
        "12": 0.000827,
        "13": 0.000173,
        "14": 3.5e-05,
        "15": 1e-06,
        "16": 1e-06,
        "17": 0.0,
        "18": 0.0,
        "19": 0.0,
        "20": 0.0
      }
    },
    "Liverpool": {
      "p_title": 0.101993,
      "p_top4": 52.457005,
      "p_top6": 91.17062299999999,
      "p_top10": 99.597378,
      "p_relegation": 3.3e-05,
      "expected_points": 63.78927059,
      "expected_position": 4.6656773,
      "current_points": 36,
      "title_count": 101993,
      "relegation_count": 33,
      "position_probs": {
        "1": 0.101993,
        "2": 1.7790409999999999,
        "3": 16.35661,
        "4": 34.219355,
        "5": 24.741151,
        "6": 13.972463,
        "7": 4.803637,
        "8": 2.037422,
        "9": 1.1203370000000001,
        "10": 0.465359,
        "11": 0.19843399999999997,
        "12": 0.12417800000000001,
        "13": 0.047676,
        "14": 0.021727,
        "15": 0.008428,
        "16": 0.001817,
        "17": 0.00030000000000000003,
        "18": 3.2e-05,
        "19": 1e-06,
        "20": 0.0
      }
    },
    "Manchester Utd": {
      "p_title": 0.033283,
      "p_top4": 29.051522000000002,
      "p_top6": 82.07125400000001,
      "p_top10": 98.671277,
      "p_relegation": 0.000212,
      "expected_points": 61.56015527,
      "expected_position": 5.42723948,
      "current_points": 38,
      "title_count": 33283,
      "relegation_count": 212,
      "position_probs": {
        "1": 0.033283,
        "2": 0.673033,
        "3": 8.209529,
        "4": 20.135676999999998,
        "5": 28.274155,
        "6": 24.745577,
        "7": 7.751904,
        "8": 4.7696130000000005,
        "9": 2.772408,
        "10": 1.306098,
        "11": 0.577298,
        "12": 0.43129300000000004,
        "13": 0.179543,
        "14": 0.08725300000000001,
        "15": 0.040957,
        "16": 0.010222,
        "17": 0.001945,
        "18": 0.000212,
        "19": 0.0,
        "20": 0.0
      }
    },
    "Chelsea": {
      "p_title": 0.025088,
      "p_top4": 22.252253,
      "p_top6": 68.99501000000001,
      "p_top10": 97.24924299999999,
      "p_relegation": 0.000584,
      "expected_points": 59.9581928,
      "expected_position": 5.89420498,
      "current_points": 37,
      "title_count": 25088,
      "relegation_count": 584,
      "position_probs": {
        "1": 0.025088,
        "2": 0.38149299999999997,
        "3": 4.81314,
        "4": 17.032524,
        "5": 25.275092,
        "6": 21.467637,
        "7": 15.896318,
        "8": 6.803895,
        "9": 3.2169160000000003,
        "10": 2.3370729999999997,
        "11": 1.363159,
        "12": 0.6732,
        "13": 0.382679,
        "14": 0.21482400000000001,
        "15": 0.078754,
        "16": 0.032964,
        "17": 0.004592,
        "18": 0.000583,
        "19": 1e-06,
        "20": 0.0
      }
    },
    "Newcastle Utd": {
      "p_title": 0.000154,
      "p_top4": 1.810532,
      "p_top6": 20.003422,
      "p_top10": 76.96061,
      "p_relegation": 0.071248,
      "expected_points": 53.80181373,
      "expected_position": 8.74806854,
      "current_points": 33,
      "title_count": 154,
      "relegation_count": 71248,
      "position_probs": {
        "1": 0.000154,
        "2": 0.0076370000000000006,
        "3": 0.24222699999999997,
        "4": 1.5605040000000001,
        "5": 6.231389,
        "6": 11.961497,
        "7": 17.147396,
        "8": 14.934639999999998,
        "9": 15.268979999999999,
        "10": 9.606172,
        "11": 6.183069,
        "12": 6.59193,
        "13": 4.062077,
        "14": 2.785735,
        "15": 2.131282,
        "16": 0.9103740000000001,
        "17": 0.303674,
        "18": 0.070297,
        "19": 0.0009500000000000001,
        "20": 1e-06
      }
    },
    "Fulham": {
      "p_title": 5.2e-05,
      "p_top4": 1.025973,
      "p_top6": 11.706061,
      "p_top10": 63.64988,
      "p_relegation": 0.161725,
      "expected_points": 52.06690832,
      "expected_position": 9.74503308,
      "current_points": 34,
      "title_count": 52,
      "relegation_count": 161725,
      "position_probs": {
        "1": 5.2e-05,
        "2": 0.002787,
        "3": 0.130778,
        "4": 0.892356,
        "5": 2.961083,
        "6": 7.719004999999999,
        "7": 13.107331,
        "8": 12.502726000000001,
        "9": 14.104205,
        "10": 12.229528,
        "11": 8.190119,
        "12": 9.958563,
        "13": 6.111115,
        "14": 5.766977,
        "15": 3.5226689999999996,
        "16": 1.983237,
        "17": 0.655715,
        "18": 0.15799,
        "19": 0.003731,
        "20": 4e-06
      }
    },
    "Everton": {
      "p_title": 2.4999999999999998e-05,
      "p_top4": 0.601739,
      "p_top6": 7.704952,
      "p_top10": 51.025118000000006,
      "p_relegation": 0.39190300000000006,
      "expected_points": 50.57319615,
      "expected_position": 10.63857649,
      "current_points": 33,
      "title_count": 25,
      "relegation_count": 391903,
      "position_probs": {
        "1": 2.4999999999999998e-05,
        "2": 0.001109,
        "3": 0.057571,
        "4": 0.543034,
        "5": 1.873697,
        "6": 5.229516,
        "7": 9.480119,
        "8": 10.071252,
        "9": 11.610341,
        "10": 12.158482,
        "11": 8.631168,
        "12": 11.915621999999999,
        "13": 8.158328,
        "14": 8.309729,
        "15": 6.137602,
        "16": 4.01767,
        "17": 1.412822,
        "18": 0.379633,
        "19": 0.012258000000000002,
        "20": 1.9999999999999998e-05
      }
    },