{
  "generated_at": "2026-01-26T02:11:48.919949",
  "total_simulations": 100000000,
  "week": 23,
  "teams": {
    "Arsenal": {
      "p_title": 63.718827,
      "p_top4": 99.936156,
      "p_top6": 99.998873,
      "p_top10": 100.0,
      "p_relegation": 0.0,
      "expected_points": 79.4318031,
      "expected_position": 1.4269871,
      "current_points": 50,
      "title_count": 63718827,
      "relegation_count": 0,
      "position_probs": {
        "1": 63.718827,
        "2": 30.682438,
        "3": 4.854929,
        "4": 0.6799620000000001,
        "5": 0.05395899999999999,
        "6": 0.008754000000000001,
        "7": 0.001005,
        "8": 0.00010499999999999999,
        "9": 1.1999999999999999e-05,
        "10": 4.9999999999999996e-06,
        "11": 0.0,
        "12": 0.0,
        "13": 0.0,
        "14": 0.0,
        "15": 0.0,
        "16": 0.0,
        "17": 0.0,
        "18": 0.0,
        "19": 0.0,
        "20": 0.0
      }
    },
    "Manchester City": {
      "p_title": 32.890392,
      "p_top4": 99.646824,
      "p_top6": 99.996387,
      "p_top10": 99.999995,
      "p_relegation": 0.0,
      "expected_points": 77.21725925,
      "expected_position": 1.85272385,
      "current_points": 46,
      "title_count": 32890392,
      "relegation_count": 0,
      "position_probs": {
        "1": 32.890392,
        "2": 51.091142,
        "3": 14.279343,
        "4": 1.385926,
        "5": 0.305473,
        "6": 0.044088999999999996,
        "7": 0.003005,
        "8": 0.000504,
        "9": 8.5e-05,
        "10": 1.4000000000000001e-05,
        "11": 2.9999999999999997e-06,
        "12": 2e-06,
        "13": 0.0,
        "14": 0.0,
        "15": 0.0,
        "16": 0.0,
        "17": 0.0,
        "18": 0.0,
        "19": 0.0,
        "20": 0.0
      }
    },
    "Aston Villa": {
      "p_title": 3.2301379999999997,
      "p_top4": 91.893459,
      "p_top6": 99.327719,
      "p_top10": 99.99685099999999,
      "p_relegation": 0.0,
      "expected_points": 69.88361702,
      "expected_position": 3.20297281,
      "current_points": 46,
      "title_count": 3230138,
      "relegation_count": 0,
      "position_probs": {
        "1": 3.2301379999999997,
        "2": 15.380316999999998,
        "3": 50.961389000000004,
        "4": 22.321571000000002,
        "5": 5.384932,
        "6": 2.049328,
        "7": 0.51815,
        "8": 0.115875,
        "9": 0.025476999999999996,
        "10": 0.009626000000000001,
        "11": 0.002271,
        "12": 0.0007160000000000001,
        "13": 0.000137,
        "14": 2.3999999999999997e-05,
        "15": 1e-06,
        "16": 0.0,
        "17": 0.0,
        "18": 0.0,
        "19": 0.0,
        "20": 0.0
      }
    },
    "Liverpool": {
      "p_title": 0.101993,
      "p_top4": 52.554500000000004,
      "p_top6": 91.440594,
      "p_top10": 99.632351,
      "p_relegation": 2.9999999999999997e-05,
      "expected_points": 63.78927059,
      "expected_position": 4.65587141,
      "current_points": 36,
      "title_count": 101993,
      "relegation_count": 30,
      "position_probs": {
        "1": 0.101993,
        "2": 1.779122,
        "3": 16.363616,
        "4": 34.309759,
        "5": 24.810382,
        "6": 14.075712000000001,
        "7": 4.712270999999999,
        "8": 1.98516,
        "9": 1.059878,
        "10": 0.43444800000000006,
        "11": 0.18227,
        "12": 0.11439200000000001,
        "13": 0.0423,
        "14": 0.019655000000000002,
        "15": 0.007286000000000001,
        "16": 0.0014780000000000001,
        "17": 0.000238,
        "18": 2.8999999999999997e-05,
        "19": 1e-06,
        "20": 0.0
      }
    },
    "Manchester Utd": {
      "p_title": 0.033283,
      "p_top4": 29.109267,
      "p_top6": 82.490245,
      "p_top10": 98.779719,
      "p_relegation": 0.00017900000000000001,
      "expected_points": 61.56015527,
      "expected_position": 5.40869362,
      "current_points": 38,
      "title_count": 33283,
      "relegation_count": 179,
      "position_probs": {
        "1": 0.033283,
        "2": 0.673053,
        "3": 8.213624999999999,
        "4": 20.189306000000002,
        "5": 28.474286,
        "6": 24.906692,
        "7": 7.737938,
        "8": 4.659504,
        "9": 2.654508,
        "10": 1.2375239999999998,
        "11": 0.535627,
        "12": 0.401778,
        "13": 0.15879,
        "14": 0.078184,
        "15": 0.035533999999999996,
        "16": 0.008551999999999999,
        "17": 0.001619,
        "18": 0.00017900000000000001,
        "19": 0.0,
        "20": 0.0
      }
    },
    "Chelsea": {
      "p_title": 0.025088,
      "p_top4": 22.294969000000002,
      "p_top6": 69.637478,
      "p_top10": 97.45028,
      "p_relegation": 0.000498,
      "expected_points": 59.9581928,
      "expected_position": 5.86870433,
      "current_points": 37,
      "title_count": 25088,
      "relegation_count": 498,
      "position_probs": {
        "1": 0.025088,
        "2": 0.381505,
        "3": 4.815713,
        "4": 17.072653,
        "5": 25.460148999999998,
        "6": 21.882337,
        "7": 15.756089000000001,
        "8": 6.6748520000000005,
        "9": 3.145459,
        "10": 2.236388,
        "11": 1.284346,
        "12": 0.622599,
        "13": 0.35191799999999995,
        "14": 0.189441,
        "15": 0.068563,
        "16": 0.028426,
        "17": 0.003926,
        "18": 0.0004969999999999999,
        "19": 1e-06,
        "20": 0.0
      }
    },
    "Newcastle Utd": {
      "p_title": 0.000154,
      "p_top4": 1.8190250000000001,
      "p_top6": 20.373630000000002,
      "p_top10": 78.012911,
      "p_relegation": 0.064241,
      "expected_points": 53.80181373,
      "expected_position": 8.67426565,
      "current_points": 33,
      "title_count": 154,
      "relegation_count": 64241,
      "position_probs": {
        "1": 0.000154,
        "2": 0.007638,
        "3": 0.24254699999999998,
        "4": 1.568664,
        "5": 6.30859,
        "6": 12.245998,
        "7": 17.838963999999997,
        "8": 14.98842,
        "9": 15.342697999999999,
        "10": 9.469199,
        "11": 5.979413,
        "12": 6.453983000000001,
        "13": 3.788517,
        "14": 2.656776,
        "15": 1.967284,
        "16": 0.80678,
        "17": 0.27004,
        "18": 0.06335299999999999,
        "19": 0.000887,
        "20": 1e-06
      }
    },
    "Fulham": {
      "p_title": 5.2e-05,
      "p_top4": 1.032628,
      "p_top6": 11.941053,
      "p_top10": 65.04292699999999,
      "p_relegation": 0.14669800000000002,
      "expected_points": 52.06690832,
      "expected_position": 9.65320375,
      "current_points": 34,
      "title_count": 52,
      "relegation_count": 146698,
      "position_probs": {
        "1": 5.2e-05,
        "2": 0.002787,
        "3": 0.131024,
        "4": 0.898765,
        "5": 2.998036,
        "6": 7.9103889999999994,
        "7": 13.661625999999998,
        "8": 12.937739,
        "9": 14.327248,
        "10": 12.175238,
        "11": 8.081889,
        "12": 9.732242000000001,
        "13": 5.858605,
        "14": 5.479776,
        "15": 3.2840010000000004,
        "16": 1.7830840000000001,
        "17": 0.590764,
        "18": 0.14322200000000002,
        "19": 0.003472,
        "20": 4e-06
      }
    },
    "Everton": {
      "p_title": 1.3e-05,
      "p_top4": 0.36804899999999996,
      "p_top6": 5.51064,
      "p_top10": 44.060937,
      "p_relegation": 0.659826,
      "expected_points": 49.57319615,
      "expected_position": 11.15765602,
      "current_points": 32,
      "title_count": 13,
      "relegation_count": 659826,
      "position_probs": {
        "1": 1.3e-05,
        "2": 0.0005200000000000001,
        "3": 0.031448000000000004,
        "4": 0.336068,
        "5": 1.271765,
        "6": 3.870826,
        "7": 7.5967709999999995,
        "8": 8.631179999999999,
        "9": 10.604899,
        "10": 11.717447,
        "11": 8.629012,
        "12": 12.710726,
        "13": 9.062937999999999,
        "14": 9.850749,