{
  "estimated_at": "2026-01-19T02:35:36.746261",
  "source": "football-data.co.uk",
  "seasons_used": [
    2020,
    2021,
    2022,
    2023,
    2024
  ],
  "n_matches": 1900,
  "teams": {
    "Manchester City": {
      "theta": 0.27973167796153575,
      "theta_se": 0.24459587037563324,
      "b_home": 0.30248467822093517,
      "b_home_se": 0.26621338725090027,
      "b_away": 0.16149884660262614,
      "b_away_se": 0.2659103274345398
    },
    "Liverpool": {
      "theta": 0.21747465629596263,
      "theta_se": 0.24429459869861603,
      "b_home": 0.28295584220904857,
      "b_home_se": 0.2714833915233612,
      "b_away": 0.020419674110598862,
      "b_away_se": 0.26550227403640747
    },
    "Arsenal": {
      "theta": 0.17620182235259563,
      "theta_se": 0.25516653060913086,
      "b_home": 0.13803076941985637,
      "b_home_se": 0.27189141511917114,
      "b_away": 0.09945813019294292,
      "b_away_se": 0.26677268743515015
    },
    "Chelsea": {
      "theta": 0.07024401624221355,
      "theta_se": 0.2428065687417984,
      "b_home": 0.04406032164115459,
      "b_home_se": 0.2654699385166168,
      "b_away": -0.04726343776565045,
      "b_away_se": 0.26946112513542175
    },
    "Manchester Utd": {
      "theta": 0.05792578135151416,
      "theta_se": 0.24255678057670593,
      "b_home": 0.058722784859128296,
      "b_home_se": 0.255662739276886,
      "b_away": -0.0762426758883521,
      "b_away_se": 0.2580164968967438
    },
    "Tottenham": {
      "theta": 0.027563572046346962,
      "theta_se": 0.245004341006279,
      "b_home": 0.05455788050312549,
      "b_home_se": 0.2661973237991333,
      "b_away": -0.15073263447266072,
      "b_away_se": 0.26163387298583984
    },
    "Newcastle Utd": {
      "theta": 0.02307674300391227,
      "theta_se": 0.2453731894493103,
      "b_home": 0.08325176138896495,
      "b_home_se": 0.27161356806755066,
      "b_away": -0.19874177675228566,
      "b_away_se": 0.26855021715164185
    },
    "Aston Villa": {
      "theta": 0.011203454923816025,
      "theta_se": 0.24724514782428741,
      "b_home": 0.051064254832454026,
      "b_home_se": 0.2670917510986328,
      "b_away": -0.15406520466785878,
      "b_away_se": 0.2638455629348755
    },
    "Brighton": {
      "theta": -0.018513638409785926,
      "theta_se": 0.2455628514289856,
      "b_home": -0.11784089158754796,
      "b_home_se": 0.26715874671936035,
      "b_away": -0.10632860462646931,
      "b_away_se": 0.26198747754096985
    },
    "West Ham": {
      "theta": -0.05595116491895169,
      "theta_se": 0.2383091300725937,
      "b_home": -0.017157478141598403,
      "b_home_se": 0.2635657489299774,
      "b_away": -0.2422306517837569,
      "b_away_se": 0.2625201344490051
    },
    "Crystal Palace": {
      "theta": -0.06219230394344777,
      "theta_se": 0.24950797855854034,
      "b_home": -0.09716348152142018,
      "b_home_se": 0.27083349227905273,
      "b_away": -0.1858170161722228,
      "b_away_se": 0.26448431611061096
    },
    "Everton": {
      "theta": -0.07189623068552464,
      "theta_se": 0.23987819254398346,
      "b_home": -0.1479751894949004,
      "b_home_se": 0.26957711577415466,
      "b_away": -0.1898455451009795,
      "b_away_se": 0.2720886468887329
    },
    "Archetype_Promoted_1": {
      "theta": -0.10555055539589375,
      "theta_se": 0.24891699850559235,
      "b_home": -0.1884725372074172,
      "b_home_se": 0.24905814230442047,
      "b_away": -0.22107346158009022,
      "b_away_se": 0.24658289551734924
    },
    "Wolves": {
      "theta": -0.1144545654533431,
      "theta_se": 0.24803821742534637,
      "b_home": -0.14693538646679372,
      "b_home_se": 0.26881539821624756,
      "b_away": -0.26624955039005727,
      "b_away_se": 0.2644816040992737
    },
    "Archetype_Promoted_3": {
      "theta": -0.20244042377453297,
      "theta_se": 0.24943579733371735,
      "b_home": -0.22969490091782063,
      "b_home_se": 0.26645877957344055,
      "b_away": -0.3772312531946227,
      "b_away_se": 0.267432302236557
    },
    "Archetype_Promoted_2": {
      "theta": -0.23242284159641713,
      "theta_se": 0.24365746974945068,
      "b_home": -0.35137812595348805,
      "b_home_se": 0.25658994913101196,
      "b_away": -0.3198683391092345,
      "b_away_se": 0.2610778510570526
    }
  },
  "archetype_mapping": {
    "Leeds United": "Archetype_Promoted_1",
    "West Brom": "Archetype_Promoted_2",
    "Fulham": "Archetype_Promoted_1",
    "Brentford": "Archetype_Promoted_1",
    "Watford": "Archetype_Promoted_2",
    "Norwich": "Archetype_Promoted_3",
    "Bournemouth": "Archetype_Promoted_2",
    "Nott'ham Forest": "Archetype_Promoted_3",
    "Burnley": "Archetype_Promoted_1",
    "Sheffield United": "Archetype_Promoted_2",
    "Luton Town": "Archetype_Promoted_3",
    "Leicester City": "Archetype_Promoted_1",
    "Ipswich Town": "Archetype_Promoted_2",
    "Southampton": "Archetype_Promoted_3"
  }
}