{
  "estimated_at": "2026-01-19T02:35:36.746261",
  "source": "football-data.co.uk",
  "seasons_used": [
    2020,
    2021,
    2022,
    2023,
    2024
  ],
  "n_matches": 1900,
  "teams": {
    "Manchester City": {
      "theta": 0.27973167796153575,
      "theta_se": 0.10755761246885316,
      "b_home": 0.30248467822093517,
      "b_home_se": 0.11831337371573848,
      "b_away": 0.16149884660262614,
      "b_away_se": 0.11831337371573848
    },
    "Liverpool": {
      "theta": 0.21747465629596263,
      "theta_se": 0.11970697556951308,
      "b_home": 0.28295584220904857,
      "b_home_se": 0.1316776731264644,
      "b_away": 0.020419674110598862,
      "b_away_se": 0.1316776731264644
    },
    "Arsenal": {
      "theta": 0.17620182235259563,
      "theta_se": 0.13961661792207974,
      "b_home": 0.13803076941985637,
      "b_home_se": 0.15357827971428772,
      "b_away": 0.09945813019294292,
      "b_away_se": 0.15357827971428772
    },
    "Chelsea": {
      "theta": 0.07024401624221355,
      "theta_se": 0.1062382228767029,
      "b_home": 0.04406032164115459,
      "b_home_se": 0.1168620451643732,
      "b_away": -0.04726343776565045,
      "b_away_se": 0.1168620451643732
    },
    "Manchester Utd": {
      "theta": 0.05792578135151416,
      "theta_se": 0.09762868430947945,
      "b_home": 0.058722784859128296,
      "b_home_se": 0.1073915527404274,
      "b_away": -0.0762426758883521,
      "b_away_se": 0.1073915527404274
    },
    "Tottenham": {
      "theta": 0.027563572046346962,
      "theta_se": 0.08138795979750321,
      "b_home": 0.05455788050312549,
      "b_home_se": 0.08952675577725354,
      "b_away": -0.15073263447266072,
      "b_away_se": 0.08952675577725354
    },
    "Newcastle Utd": {
      "theta": 0.02307674300391227,
      "theta_se": 0.11249888888340187,
      "b_home": 0.08325176138896495,
      "b_home_se": 0.12374877777174206,
      "b_away": -0.19874177675228566,
      "b_away_se": 0.12374877777174206
    },
    "Aston Villa": {
      "theta": 0.011203454923816025,
      "theta_se": 0.13535139452550904,
      "b_home": 0.051064254832454026,
      "b_home_se": 0.14888653397805995,
      "b_away": -0.15406520466785878,
      "b_away_se": 0.14888653397805995
    },
    "Brighton": {
      "theta": -0.018513638409785926,
      "theta_se": 0.11306635220082056,
      "b_home": -0.11784089158754796,
      "b_home_se": 0.12437298742090264,
      "b_away": -0.10632860462646931,
      "b_away_se": 0.12437298742090264
    },
    "West Ham": {
      "theta": -0.05595116491895169,
      "theta_se": 0.0932952303175248,
      "b_home": -0.017157478141598403,
      "b_home_se": 0.10262475334927729,
      "b_away": -0.2422306517837569,
      "b_away_se": 0.10262475334927729
    },
    "Crystal Palace": {
      "theta": -0.06219230394344777,
      "theta_se": 0.08,
      "b_home": -0.09716348152142018,
      "b_home_se": 0.08800000000000001,
      "b_away": -0.1858170161722228,
      "b_away_se": 0.08800000000000001
    },
    "Everton": {
      "theta": -0.07189623068552464,
      "theta_se": 0.08180562327859864,
      "b_home": -0.1479751894949004,
      "b_home_se": 0.0899861856064585,
      "b_away": -0.1898455451009795,
      "b_away_se": 0.0899861856064585
    },
    "Archetype_Promoted_1": {
      "theta": -0.10555055539589375,
      "theta_se": 0.24891699850559235,
      "b_home": -0.1884725372074172,
      "b_home_se": 0.24905814230442047,
      "b_away": -0.22107346158009022,
      "b_away_se": 0.24658289551734924
    },
    "Wolves": {
      "theta": -0.1144545654533431,
      "theta_se": 0.08,
      "b_home": -0.14693538646679372,
      "b_home_se": 0.08800000000000001,
      "b_away": -0.26624955039005727,
      "b_away_se": 0.08800000000000001
    },
    "Archetype_Promoted_3": {
      "theta": -0.20244042377453297,
      "theta_se": 0.24943579733371735,
      "b_home": -0.22969490091782063,
      "b_home_se": 0.26645877957344055,
      "b_away": -0.3772312531946227,
      "b_away_se": 0.267432302236557
    },
    "Archetype_Promoted_2": {
      "theta": -0.23242284159641713,
      "theta_se": 0.24365746974945068,
      "b_home": -0.35137812595348805,
      "b_home_se": 0.25658994913101196,
      "b_away": -0.3198683391092345,
      "b_away_se": 0.2610778510570526
    }
  },
  "archetype_mapping": {
    "Leeds United": "Archetype_Promoted_1",
    "West Brom": "Archetype_Promoted_2",
    "Fulham": "Archetype_Promoted_1",
    "Brentford": "Archetype_Promoted_1",
    "Watford": "Archetype_Promoted_2",
    "Norwich": "Archetype_Promoted_3",
    "Bournemouth": "Archetype_Promoted_2",
    "Nott'ham Forest": "Archetype_Promoted_3",
    "Burnley": "Archetype_Promoted_1",
    "Sheffield United": "Archetype_Promoted_2",
    "Luton Town": "Archetype_Promoted_3",
    "Leicester City": "Archetype_Promoted_1",
    "Ipswich Town": "Archetype_Promoted_2",
    "Southampton": "Archetype_Promoted_3",
    "Sunderland": "Archetype_Promoted_2"
  }
}